id,first_name,last_name,lat,lon,type
1,Haskell,Blue,38.9492131,-76.9874461,HOME
2,Lauren,Seamon,38.9284109,-77.0315011,HOME
3,Hagen,Roberson,38.9351033,-76.9931057,WORK
4,Emiline,Taysbil,38.917164,-76.957082,WORK
5,Valli,Feetham,38.9559867,-77.114041,HOME
6,Griffith,McMeyler,38.855684,-77.0072662,HOME
7,Demott,Moncey,38.8969521,-77.1164851,WORK
8,Jorge,Beden,38.9843192,-77.0974246,WORK
9,Gaynor,Kipling,38.950681,-76.9980688,HOME
10,Dora,Stokoe,38.7981154,-77.0149668,HOME
11,Meagan,Pomphrett,38.9924069,-77.0157209,WORK
12,Sallee,Stansbie,38.888452,-76.9864291,HOME
13,Benedick,Fieldsend,38.8451548,-76.9295184,HOME
14,Chane,Bolsover,38.8177215,-77.056281,WORK
15,Kata,McFall,38.9391815,-77.0715287,HOME
16,Vanna,Townley,38.9168936,-77.0482192,HOME
17,Bernette,Montilla,38.977845,-76.9205381,WORK
18,Tony,Kelsall,38.8369597,-77.0495654,WORK
19,Cecilia,Craw,38.9618227,-77.0665636,HOME
20,Marlie,Sage,38.9477018,-77.0799891,HOME
21,Fowler,Abramovicz,38.9185307,-77.0195995,WORK
22,Elvis,Kuhwald,38.9475998,-77.0138289,HOME
23,Deeyn,Tuison,38.9247063,-77.0700404,WORK
24,Ker,Farrens,38.9737241,-76.9125665,WORK
25,Otto,Swinyard,38.8143046,-76.9638796,WORK
26,Tremayne,McPeeters,38.8681948,-77.1088527,HOME
27,Inglebert,Maleney,38.9366009,-77.0475785,HOME
28,Mandel,Napoleon,38.8204924,-76.9111809,HOME
29,Norene,Kemish,38.7942811,-77.0901851,HOME
30,Renee,Hiner,38.901426,-77.0084669,WORK
31,Ly,Corneljes,38.9375957,-77.0666756,WORK
32,Novelia,Kubiak,38.8294084,-76.9784008,HOME
33,Gisele,Rolley,38.9161667,-77.0538162,HOME
34,Nate,Melbourn,38.9536983,-76.9429992,HOME
35,Whitby,Loach,38.8823516,-77.0339763,HOME
36,Suzy,Wraight,38.8427331,-77.021952,WORK
37,Catlin,Hartegan,38.9016946,-76.9838702,WORK
38,Dannie,Rubinsohn,38.8882255,-77.0901443,HOME
39,Myrilla,Simester,38.9639438,-76.9680658,HOME
40,Kendra,Stoffers,38.9088308,-77.0444039,HOME
41,Corrianne,Strickler,38.952055,-76.95181,WORK
42,Cornall,Longthorne,38.7962048,-77.1000258,HOME
43,Debor,Thiolier,38.8342539,-76.9826759,HOME
44,Denney,Alwell,38.890642,-77.0056738,HOME
45,Vally,Clemendot,38.9357989,-76.9724028,HOME
46,Daron,Kender,38.8225255,-77.0609587,WORK
47,Bradney,O' Donohoe,38.8629751,-77.0893855,WORK
48,Blake,Tantum,38.9423068,-77.0282628,HOME
49,Eugenie,Weathey,38.962079,-76.980588,WORK
50,Pinchas,Cobleigh,38.9923102,-76.9206648,HOME
51,Walden,Farans,38.8942801,-77.0701306,HOME
52,Hertha,Pumphreys,38.8441463,-77.0831658,HOME
53,Christabel,Avesque,38.9673459,-77.0839514,WORK
54,Tiler,Haresnape,38.8223379,-76.9101579,HOME
55,Dannye,Blas,38.8346603,-76.9705101,WORK
56,Chariot,Jotham,38.9805228,-77.0415443,WORK
57,Winnifred,Kitchinghan,38.8182972,-77.102359,WORK
58,Marcile,Yeabsley,38.8610765,-77.0141441,WORK
59,Emmerich,Flaherty,38.9666861,-76.9140509,HOME
60,Rodrigo,Catanheira,38.9802981,-77.0213651,WORK
61,Letti,Clayden,38.8744104,-77.0557643,HOME
62,Corrie,Gaine,38.8400423,-76.9388772,WORK
63,Mordecai,Gutridge,38.8527041,-77.0799935,HOME
64,Gennifer,Betho,38.914271,-76.9921292,HOME
65,Dulce,Idale,38.7963068,-77.0128244,WORK
66,Randell,Govenlock,38.841942,-76.9271689,HOME
67,Raffarty,Abbott,38.8657973,-77.0136781,HOME
68,Brittne,Bravey,38.9531164,-77.0038923,HOME
69,Marcellina,Raddin,38.862636,-77.0140634,WORK
70,Sarette,Lindgren,38.9617885,-77.0718506,HOME
71,Myrtice,Dawney,38.8168671,-76.9675441,HOME
72,Hildegaard,Pashenkov,38.9450295,-77.0608448,HOME
73,Whitman,Gretton,38.9921306,-76.9976489,HOME
74,Rickie,Callcott,38.841183,-77.0712468,HOME
75,Julita,Spight,38.9256433,-77.1087917,HOME
76,Jone,Deyes,38.7939342,-76.9287406,HOME
77,Johan,MacInherney,38.8334372,-76.9766601,HOME
78,Lyon,Josselson,38.8054349,-77.1019547,HOME
79,Morgana,Doers,38.8705436,-77.0346645,WORK
80,Catarina,Symms,38.9895081,-77.0078029,HOME
81,Allyson,Taggett,38.8331628,-77.1084475,WORK
82,Billie,Tandey,38.8462545,-77.0356713,HOME
83,Bella,O'Heyne,38.8417914,-77.0734135,WORK
84,Rog,Burnep,38.939116,-77.0435147,HOME
85,Kin,Organer,38.9276368,-76.920284,WORK
86,Noach,Carberry,38.8993382,-76.9592154,HOME
87,Florencia,Tingley,38.8091874,-76.9685303,WORK
88,Ninnetta,Buddleigh,38.9519654,-77.0688975,WORK
89,Ozzie,Butts,38.9519558,-76.9194625,WORK
90,Belia,Nacci,38.8472783,-77.107975,WORK
91,Rois,Barnbrook,38.8910871,-77.0617647,HOME
92,Dionne,Laybourn,38.9468548,-76.9717814,HOME
93,Bertine,Peterffy,38.8070715,-77.106526,WORK
94,Oriana,Blinman,38.8269137,-76.9733581,WORK
95,Francoise,Le Blanc,38.8259234,-77.0907845,WORK
96,Margit,Fishbie,38.8173057,-77.03436,WORK
97,Happy,Paulich,38.9507403,-76.9553618,WORK
98,Krishna,Squibbes,38.8088817,-76.9802467,HOME
99,Reiko,Liversedge,38.9909532,-77.0539097,HOME
100,Noemi,Bradnam,38.9739964,-77.0090207,WORK
